<?xml version="1.0" encoding="UTF-8" standalone="yes"?>
<w:styles xmlns:r="http://schemas.openxmlformats.org/officeDocument/2006/relationships" xmlns:w="http://schemas.openxmlformats.org/wordprocessingml/2006/main"><w:docDefaults><w:rPrDefault><w:rPr><w:rFonts w:ascii="Times New Roman" w:eastAsia="Times New Roman" w:hAnsi="Times New Roman" w:cs="Times New Roman"/><w:lang w:val="es-AR" w:eastAsia="es-AR" w:bidi="ar-SA"/></w:rPr></w:rPrDefault><w:pPrDefault/></w:docDefaults><w:latentStyles w:defLockedState="0" w:defUIPriority="99" w:defSemiHidden="1" w:defUnhideWhenUsed="1" w:defQFormat="0" w:count="267"><w:lsdException w:name="Normal" w:semiHidden="0" w:uiPriority="0" w:unhideWhenUsed="0" w:qFormat="1"/><w:lsdException w:name="heading 1" w:semiHidden="0" w:uiPriority="9" w:unhideWhenUsed="0" w:qFormat="1"/><w:lsdException w:name="heading 2" w:uiPriority="9" w:qFormat="1"/><w:lsdException w:name="heading 3" w:uiPriority="9" w:qFormat="1"/><w:lsdException w:name="heading 4" w:uiPriority="9" w:qFormat="1"/><w:lsdException w:name="heading 5" w:uiPriority="9" w:qFormat="1"/><w:lsdException w:name="heading 6" w:uiPriority="9" w:qFormat="1"/><w:lsdException w:name="heading 7" w:uiPriority="9" w:qFormat="1"/><w:lsdException w:name="heading 8" w:uiPriority="9" w:qFormat="1"/><w:lsdException w:name="heading 9" w:uiPriority="9" w:qFormat="1"/><w:lsdException w:name="toc 1" w:uiPriority="39"/><w:lsdException w:name="toc 2" w:uiPriority="39"/><w:lsdException w:name="toc 3" w:uiPriority="39"/><w:lsdException w:name="toc 4" w:uiPriority="39"/><w:lsdException w:name="toc 5" w:uiPriority="39"/><w:lsdException w:name="toc 6" w:uiPriority="39"/><w:lsdException w:name="toc 7" w:uiPriority="39"/><w:lsdException w:name="toc 8" w:uiPriority="39"/><w:lsdException w:name="toc 9" w:uiPriority="39"/><w:lsdException w:name="caption" w:uiPriority="35" w:qFormat="1"/><w:lsdException w:name="Title" w:semiHidden="0" w:uiPriority="10" w:unhideWhenUsed="0" w:qFormat="1"/><w:lsdException w:name="Default Paragraph Font" w:uiPriority="1"/><w:lsdException w:name="Subtitle" w:semiHidden="0" w:uiPriority="11" w:unhideWhenUsed="0" w:qFormat="1"/><w:lsdException w:name="Strong" w:semiHidden="0" w:uiPriority="22" w:unhideWhenUsed="0" w:qFormat="1"/><w:lsdException w:name="Emphasis" w:semiHidden="0" w:uiPriority="20" w:unhideWhenUsed="0" w:qFormat="1"/><w:lsdException w:name="Table Grid" w:semiHidden="0" w:uiPriority="59" w:unhideWhenUsed="0"/><w:lsdException w:name="Placeholder Text" w:unhideWhenUsed="0"/><w:lsdException w:name="No Spacing" w:semiHidden="0" w:uiPriority="1" w:unhideWhenUsed="0" w:qFormat="1"/><w:lsdException w:name="Light Shading" w:semiHidden="0" w:uiPriority="60" w:unhideWhenUsed="0"/><w:lsdException w:name="Light List" w:semiHidden="0" w:uiPriority="61" w:unhideWhenUsed="0"/><w:lsdException w:name="Light Grid" w:semiHidden="0" w:uiPriority="62" w:unhideWhenUsed="0"/><w:lsdException w:name="Medium Shading 1" w:semiHidden="0" w:uiPriority="63" w:unhideWhenUsed="0"/><w:lsdException w:name="Medium Shading 2" w:semiHidden="0" w:uiPriority="64" w:unhideWhenUsed="0"/><w:lsdException w:name="Medium List 1" w:semiHidden="0" w:uiPriority="65" w:unhideWhenUsed="0"/><w:lsdException w:name="Medium List 2" w:semiHidden="0" w:uiPriority="66" w:unhideWhenUsed="0"/><w:lsdException w:name="Medium Grid 1" w:semiHidden="0" w:uiPriority="67" w:unhideWhenUsed="0"/><w:lsdException w:name="Medium Grid 2" w:semiHidden="0" w:uiPriority="68" w:unhideWhenUsed="0"/><w:lsdException w:name="Medium Grid 3" w:semiHidden="0" w:uiPriority="69" w:unhideWhenUsed="0"/><w:lsdException w:name="Dark List" w:semiHidden="0" w:uiPriority="70" w:unhideWhenUsed="0"/><w:lsdException w:name="Colorful Shading" w:semiHidden="0" w:uiPriority="71" w:unhideWhenUsed="0"/><w:lsdException w:name="Colorful List" w:semiHidden="0" w:uiPriority="72" w:unhideWhenUsed="0"/><w:lsdException w:name="Colorful Grid" w:semiHidden="0" w:uiPriority="73" w:unhideWhenUsed="0"/><w:lsdException w:name="Light Shading Accent 1" w:semiHidden="0" w:uiPriority="60" w:unhideWhenUsed="0"/><w:lsdException w:name="Light List Accent 1" w:semiHidden="0" w:uiPriority="61" w:unhideWhenUsed="0"/><w:lsdException w:name="Light Grid Accent 1" w:semiHidden="0" w:uiPriority="62" w:unhideWhenUsed="0"/><w:lsdException w:name="Medium Shading 1 Accent 1" w:semiHidden="0" w:uiPriority="63" w:unhideWhenUsed="0"/><w:lsdException w:name="Medium Shading 2 Accent 1" w:semiHidden="0" w:uiPriority="64" w:unhideWhenUsed="0"/><w:lsdException w:name="Medium List 1 Accent 1" w:semiHidden="0" w:uiPriority="65" w:unhideWhenUsed="0"/><w:lsdException w:name="Revision" w:unhideWhenUsed="0"/><w:lsdException w:name="List Paragraph" w:semiHidden="0" w:uiPriority="34" w:unhideWhenUsed="0" w:qFormat="1"/><w:lsdException w:name="Quote" w:semiHidden="0" w:uiPriority="29" w:unhideWhenUsed="0" w:qFormat="1"/><w:lsdException w:name="Intense Quote" w:semiHidden="0" w:uiPriority="30" w:unhideWhenUsed="0" w:qFormat="1"/><w:lsdException w:name="Medium List 2 Accent 1" w:semiHidden="0" w:uiPriority="66" w:unhideWhenUsed="0"/><w:lsdException w:name="Medium Grid 1 Accent 1" w:semiHidden="0" w:uiPriority="67" w:unhideWhenUsed="0"/><w:lsdException w:name="Medium Grid 2 Accent 1" w:semiHidden="0" w:uiPriority="68" w:unhideWhenUsed="0"/><w:lsdException w:name="Medium Grid 3 Accent 1" w:semiHidden="0" w:uiPriority="69" w:unhideWhenUsed="0"/><w:lsdException w:name="Dark List Accent 1" w:semiHidden="0" w:uiPriority="70" w:unhideWhenUsed="0"/><w:lsdException w:name="Colorful Shading Accent 1" w:semiHidden="0" w:uiPriority="71" w:unhideWhenUsed="0"/><w:lsdException w:name="Colorful List Accent 1" w:semiHidden="0" w:uiPriority="72" w:unhideWhenUsed="0"/><w:lsdException w:name="Colorful Grid Accent 1" w:semiHidden="0" w:uiPriority="73" w:unhideWhenUsed="0"/><w:lsdException w:name="Light Shading Accent 2" w:semiHidden="0" w:uiPriority="60" w:unhideWhenUsed="0"/><w:lsdException w:name="Light List Accent 2" w:semiHidden="0" w:uiPriority="61" w:unhideWhenUsed="0"/><w:lsdException w:name="Light Grid Accent 2" w:semiHidden="0" w:uiPriority="62" w:unhideWhenUsed="0"/><w:lsdException w:name="Medium Shading 1 Accent 2" w:semiHidden="0" w:uiPriority="63" w:unhideWhenUsed="0"/><w:lsdException w:name="Medium Shading 2 Accent 2" w:semiHidden="0" w:uiPriority="64" w:unhideWhenUsed="0"/><w:lsdException w:name="Medium List 1 Accent 2" w:semiHidden="0" w:uiPriority="65" w:unhideWhenUsed="0"/><w:lsdException w:name="Medium List 2 Accent 2" w:semiHidden="0" w:uiPriority="66" w:unhideWhenUsed="0"/><w:lsdException w:name="Medium Grid 1 Accent 2" w:semiHidden="0" w:uiPriority="67" w:unhideWhenUsed="0"/><w:lsdException w:name="Medium Grid 2 Accent 2" w:semiHidden="0" w:uiPriority="68" w:unhideWhenUsed="0"/><w:lsdException w:name="Medium Grid 3 Accent 2" w:semiHidden="0" w:uiPriority="69" w:unhideWhenUsed="0"/><w:lsdException w:name="Dark List Accent 2" w:semiHidden="0" w:uiPriority="70" w:unhideWhenUsed="0"/><w:lsdException w:name="Colorful Shading Accent 2" w:semiHidden="0" w:uiPriority="71" w:unhideWhenUsed="0"/><w:lsdException w:name="Colorful List Accent 2" w:semiHidden="0" w:uiPriority="72" w:unhideWhenUsed="0"/><w:lsdException w:name="Colorful Grid Accent 2" w:semiHidden="0" w:uiPriority="73" w:unhideWhenUsed="0"/><w:lsdException w:name="Light Shading Accent 3" w:semiHidden="0" w:uiPriority="60" w:unhideWhenUsed="0"/><w:lsdException w:name="Light List Accent 3" w:semiHidden="0" w:uiPriority="61" w:unhideWhenUsed="0"/><w:lsdException w:name="Light Grid Accent 3" w:semiHidden="0" w:uiPriority="62" w:unhideWhenUsed="0"/><w:lsdException w:name="Medium Shading 1 Accent 3" w:semiHidden="0" w:uiPriority="63" w:unhideWhenUsed="0"/><w:lsdException w:name="Medium Shading 2 Accent 3" w:semiHidden="0" w:uiPriority="64" w:unhideWhenUsed="0"/><w:lsdException w:name="Medium List 1 Accent 3" w:semiHidden="0" w:uiPriority="65" w:unhideWhenUsed="0"/><w:lsdException w:name="Medium List 2 Accent 3" w:semiHidden="0" w:uiPriority="66" w:unhideWhenUsed="0"/><w:lsdException w:name="Medium Grid 1 Accent 3" w:semiHidden="0" w:uiPriority="67" w:unhideWhenUsed="0"/><w:lsdException w:name="Medium Grid 2 Accent 3" w:semiHidden="0" w:uiPriority="68" w:unhideWhenUsed="0"/><w:lsdException w:name="Medium Grid 3 Accent 3" w:semiHidden="0" w:uiPriority="69" w:unhideWhenUsed="0"/><w:lsdException w:name="Dark List Accent 3" w:semiHidden="0" w:uiPriority="70" w:unhideWhenUsed="0"/><w:lsdException w:name="Colorful Shading Accent 3" w:semiHidden="0" w:uiPriority="71" w:unhideWhenUsed="0"/><w:lsdException w:name="Colorful List Accent 3" w:semiHidden="0" w:uiPriority="72" w:unhideWhenUsed="0"/><w:lsdException w:name="Colorful Grid Accent 3" w:semiHidden="0" w:uiPriority="73" w:unhideWhenUsed="0"/><w:lsdException w:name="Light Shading Accent 4" w:semiHidden="0" w:uiPriority="60" w:unhideWhenUsed="0"/><w:lsdException w:name="Light List Accent 4" w:semiHidden="0" w:uiPriority="61" w:unhideWhenUsed="0"/><w:lsdException w:name="Light Grid Accent 4" w:semiHidden="0" w:uiPriority="62" w:unhideWhenUsed="0"/><w:lsdException w:name="Medium Shading 1 Accent 4" w:semiHidden="0" w:uiPriority="63" w:unhideWhenUsed="0"/><w:lsdException w:name="Medium Shading 2 Accent 4" w:semiHidden="0" w:uiPriority="64" w:unhideWhenUsed="0"/><w:lsdException w:name="Medium List 1 Accent 4" w:semiHidden="0" w:uiPriority="65" w:unhideWhenUsed="0"/><w:lsdException w:name="Medium List 2 Accent 4" w:semiHidden="0" w:uiPriority="66" w:unhideWhenUsed="0"/><w:lsdException w:name="Medium Grid 1 Accent 4" w:semiHidden="0" w:uiPriority="67" w:unhideWhenUsed="0"/><w:lsdException w:name="Medium Grid 2 Accent 4" w:semiHidden="0" w:uiPriority="68" w:unhideWhenUsed="0"/><w:lsdException w:name="Medium Grid 3 Accent 4" w:semiHidden="0" w:uiPriority="69" w:unhideWhenUsed="0"/><w:lsdException w:name="Dark List Accent 4" w:semiHidden="0" w:uiPriority="70" w:unhideWhenUsed="0"/><w:lsdException w:name="Colorful Shading Accent 4" w:semiHidden="0" w:uiPriority="71" w:unhideWhenUsed="0"/><w:lsdException w:name="Colorful List Accent 4" w:semiHidden="0" w:uiPriority="72" w:unhideWhenUsed="0"/><w:lsdException w:name="Colorful Grid Accent 4" w:semiHidden="0" w:uiPriority="73" w:unhideWhenUsed="0"/><w:lsdException w:name="Light Shading Accent 5" w:semiHidden="0" w:uiPriority="60" w:unhideWhenUsed="0"/><w:lsdException w:name="Light List Accent 5" w:semiHidden="0" w:uiPriority="61" w:unhideWhenUsed="0"/><w:lsdException w:name="Light Grid Accent 5" w:semiHidden="0" w:uiPriority="62" w:unhideWhenUsed="0"/><w:lsdException w:name="Medium Shading 1 Accent 5" w:semiHidden="0" w:uiPriority="63" w:unhideWhenUsed="0"/><w:lsdException w:name="Medium Shading 2 Accent 5" w:semiHidden="0" w:uiPriority="64" w:unhideWhenUsed="0"/><w:lsdException w:name="Medium List 1 Accent 5" w:semiHidden="0" w:uiPriority="65" w:unhideWhenUsed="0"/><w:lsdException w:name="Medium List 2 Accent 5" w:semiHidden="0" w:uiPriority="66" w:unhideWhenUsed="0"/><w:lsdException w:name="Medium Grid 1 Accent 5" w:semiHidden="0" w:uiPriority="67" w:unhideWhenUsed="0"/><w:lsdException w:name="Medium Grid 2 Accent 5" w:semiHidden="0" w:uiPriority="68" w:unhideWhenUsed="0"/><w:lsdException w:name="Medium Grid 3 Accent 5" w:semiHidden="0" w:uiPriority="69" w:unhideWhenUsed="0"/><w:lsdException w:name="Dark List Accent 5" w:semiHidden="0" w:uiPriority="70" w:unhideWhenUsed="0"/><w:lsdException w:name="Colorful Shading Accent 5" w:semiHidden="0" w:uiPriority="71" w:unhideWhenUsed="0"/><w:lsdException w:name="Colorful List Accent 5" w:semiHidden="0" w:uiPriority="72" w:unhideWhenUsed="0"/><w:lsdException w:name="Colorful Grid Accent 5" w:semiHidden="0" w:uiPriority="73" w:unhideWhenUsed="0"/><w:lsdException w:name="Light Shading Accent 6" w:semiHidden="0" w:uiPriority="60" w:unhideWhenUsed="0"/><w:lsdException w:name="Light List Accent 6" w:semiHidden="0" w:uiPriority="61" w:unhideWhenUsed="0"/><w:lsdException w:name="Light Grid Accent 6" w:semiHidden="0" w:uiPriority="62" w:unhideWhenUsed="0"/><w:lsdException w:name="Medium Shading 1 Accent 6" w:semiHidden="0" w:uiPriority="63" w:unhideWhenUsed="0"/><w:lsdException w:name="Medium Shading 2 Accent 6" w:semiHidden="0" w:uiPriority="64" w:unhideWhenUsed="0"/><w:lsdException w:name="Medium List 1 Accent 6" w:semiHidden="0" w:uiPriority="65" w:unhideWhenUsed="0"/><w:lsdException w:name="Medium List 2 Accent 6" w:semiHidden="0" w:uiPriority="66" w:unhideWhenUsed="0"/><w:lsdException w:name="Medium Grid 1 Accent 6" w:semiHidden="0" w:uiPriority="67" w:unhideWhenUsed="0"/><w:lsdException w:name="Medium Grid 2 Accent 6" w:semiHidden="0" w:uiPriority="68" w:unhideWhenUsed="0"/><w:lsdException w:name="Medium Grid 3 Accent 6" w:semiHidden="0" w:uiPriority="69" w:unhideWhenUsed="0"/><w:lsdException w:name="Dark List Accent 6" w:semiHidden="0" w:uiPriority="70" w:unhideWhenUsed="0"/><w:lsdException w:name="Colorful Shading Accent 6" w:semiHidden="0" w:uiPriority="71" w:unhideWhenUsed="0"/><w:lsdException w:name="Colorful List Accent 6" w:semiHidden="0" w:uiPriority="72" w:unhideWhenUsed="0"/><w:lsdException w:name="Colorful Grid Accent 6" w:semiHidden="0" w:uiPriority="73" w:unhideWhenUsed="0"/><w:lsdException w:name="Subtle Emphasis" w:semiHidden="0" w:uiPriority="19" w:unhideWhenUsed="0" w:qFormat="1"/><w:lsdException w:name="Intense Emphasis" w:semiHidden="0" w:uiPriority="21" w:unhideWhenUsed="0" w:qFormat="1"/><w:lsdException w:name="Subtle Reference" w:semiHidden="0" w:uiPriority="31" w:unhideWhenUsed="0" w:qFormat="1"/><w:lsdException w:name="Intense Reference" w:semiHidden="0" w:uiPriority="32" w:unhideWhenUsed="0" w:qFormat="1"/><w:lsdException w:name="Book Title" w:semiHidden="0" w:uiPriority="33" w:unhideWhenUsed="0" w:qFormat="1"/><w:lsdException w:name="Bibliography" w:uiPriority="37"/><w:lsdException w:name="TOC Heading" w:uiPriority="39" w:qFormat="1"/></w:latentStyles><w:style w:type="paragraph" w:default="1" w:styleId="Normal"><w:name w:val="Normal"/><w:qFormat/><w:rsid w:val="00E1640C"/><w:rPr><w:sz w:val="24"/><w:szCs w:val="24"/></w:rPr></w:style><w:style w:type="paragraph" w:styleId="Ttulo1"><w:name w:val="heading 1"/><w:basedOn w:val="Normal"/><w:link w:val="Ttulo1Car"/><w:uiPriority w:val="9"/><w:qFormat/><w:rsid w:val="00E6534C"/><w:pPr><w:spacing w:before="100" w:beforeAutospacing="1" w:after="100" w:afterAutospacing="1"/><w:outlineLvl w:val="0"/></w:pPr><w:rPr><w:b/><w:bCs/><w:kern w:val="36"/><w:sz w:val="48"/><w:szCs w:val="48"/><w:lang w:val="es-ES" w:eastAsia="es-ES"/></w:rPr></w:style><w:style w:type="character" w:default="1" w:styleId="Fuentedeprrafopredeter"><w:name w:val="Default Paragraph Font"/><w:uiPriority w:val="1"/><w:semiHidden/><w:unhideWhenUsed/></w:style><w:style w:type="table" w:default="1" w:styleId="Tablanormal"><w:name w:val="Normal Table"/><w:uiPriority w:val="99"/><w:semiHidden/><w:unhideWhenUsed/><w:qFormat/><w:tblPr><w:tblInd w:w="0" w:type="dxa"/><w:tblCellMar><w:top w:w="0" w:type="dxa"/><w:left w:w="108" w:type="dxa"/><w:bottom w:w="0" w:type="dxa"/><w:right w:w="108" w:type="dxa"/></w:tblCellMar></w:tblPr></w:style><w:style w:type="numbering" w:default="1" w:styleId="Sinlista"><w:name w:val="No List"/><w:uiPriority w:val="99"/><w:semiHidden/><w:unhideWhenUsed/></w:style><w:style w:type="character" w:styleId="Hipervnculo"><w:name w:val="Hyperlink"/><w:basedOn w:val="Fuentedeprrafopredeter"/><w:uiPriority w:val="99"/><w:semiHidden/><w:unhideWhenUsed/><w:rsid w:val="00E1640C"/><w:rPr><w:color w:val="0000FF"/><w:u w:val="single"/></w:rPr></w:style><w:style w:type="character" w:styleId="Hipervnculovisitado"><w:name w:val="FollowedHyperlink"/><w:basedOn w:val="Fuentedeprrafopredeter"/><w:uiPriority w:val="99"/><w:semiHidden/><w:unhideWhenUsed/><w:rsid w:val="00E1640C"/><w:rPr><w:color w:val="800080"/><w:u w:val="single"/></w:rPr></w:style><w:style w:type="paragraph" w:styleId="Textodeglobo"><w:name w:val="Balloon Text"/><w:basedOn w:val="Normal"/><w:link w:val="TextodegloboCar"/><w:uiPriority w:val="99"/><w:semiHidden/><w:unhideWhenUsed/><w:rsid w:val="00570EB4"/><w:rPr><w:rFonts w:ascii="Tahoma" w:hAnsi="Tahoma" w:cs="Tahoma"/><w:sz w:val="16"/><w:szCs w:val="16"/></w:rPr></w:style><w:style w:type="character" w:customStyle="1" w:styleId="TextodegloboCar"><w:name w:val="Texto de globo Car"/><w:basedOn w:val="Fuentedeprrafopredeter"/><w:link w:val="Textodeglobo"/><w:uiPriority w:val="99"/><w:semiHidden/><w:rsid w:val="00570EB4"/><w:rPr><w:rFonts w:ascii="Tahoma" w:hAnsi="Tahoma" w:cs="Tahoma"/><w:sz w:val="16"/><w:szCs w:val="16"/></w:rPr></w:style><w:style w:type="character" w:customStyle="1" w:styleId="apple-style-span"><w:name w:val="apple-style-span"/><w:basedOn w:val="Fuentedeprrafopredeter"/><w:rsid w:val="00E6534C"/></w:style><w:style w:type="character" w:customStyle="1" w:styleId="Ttulo1Car"><w:name w:val="Título 1 Car"/><w:basedOn w:val="Fuentedeprrafopredeter"/><w:link w:val="Ttulo1"/><w:uiPriority w:val="9"/><w:rsid w:val="00E6534C"/><w:rPr><w:b/><w:bCs/><w:kern w:val="36"/><w:sz w:val="48"/><w:szCs w:val="48"/><w:lang w:val="es-ES" w:eastAsia="es-ES"/></w:rPr></w:style><w:style w:type="paragraph" w:styleId="Prrafodelista"><w:name w:val="List Paragraph"/><w:basedOn w:val="Normal"/><w:uiPriority w:val="34"/><w:qFormat/><w:rsid w:val="00FF5CA2"/><w:pPr><w:ind w:left="720"/><w:contextualSpacing/></w:pPr></w:style></w:styles>